location,review
Tirunelveli,Great place for families and children.
Pune,The neighborhood is modern and well maintained.
Bangalore,The area has both advantages and disadvantages.
Salem,Public transport is convenient and reliable.
Pune,Traffic is a major problem in this area.
Hyderabad,Facilities are available in the neighborhood.
Madurai,The area is developing gradually.
Kochi,The neighborhood is modern and well maintained.
Chennai,The location is suitable for some families.
Hyderabad,The neighborhood is clean and peaceful.
Chennai,The area is developing gradually.
Bangalore,The area has excellent shopping facilities.
Tirunelveli,The roads are poorly maintained.
Salem,Schools and hospitals are easily accessible.
Salem,Great place for families and children.
Tirunelveli,The neighborhood is noisy and crowded.
Madurai,Traffic is a major problem in this area.
Salem,The neighborhood is clean and peaceful.
Hyderabad,The area has excellent shopping facilities.
Tirunelveli,Great place for families and children.
Kochi,Public transport is convenient and reliable.
Trichy,The location is suitable for some families.
Kochi,Schools and hospitals are easily accessible.
Hyderabad,The location is suitable for some families.
Trichy,Public transport is convenient and reliable.
Kochi,The area becomes very noisy during peak hours.
Pune,The area needs better security.
Pune,The area has both advantages and disadvantages.
Kochi,The area has both advantages and disadvantages.
Pune,The neighborhood is clean and peaceful.
Kochi,The area has both advantages and disadvantages.
Coimbatore,The roads are poorly maintained.
Kochi,There are not enough parking facilities.
Tirunelveli,The neighborhood is noisy and crowded.
Pune,Facilities are available in the neighborhood.
Salem,The area has excellent shopping facilities.
Bangalore,Facilities are available in the neighborhood.
Hyderabad,There are not enough parking facilities.
Salem,Public transportation is sometimes unreliable.
Pune,The area needs better security.
Madurai,The area is developing gradually.
Pune,Waste management needs improvement.
Kochi,Very safe area with friendly people.
Chennai,Traffic is a major problem in this area.
Kochi,Excellent location with good transportation facilities.
Chennai,Waste management needs improvement.
Coimbatore,The neighborhood is average.
Madurai,The area needs better security.
Hyderabad,The area has excellent shopping facilities.
Salem,Public transportation is sometimes unreliable.
Pune,The neighborhood is clean and peaceful.
Pune,Schools and hospitals are easily accessible.
Salem,Public transportation is sometimes unreliable.
Hyderabad,Facilities are available in the neighborhood.
Trichy,Public transport is convenient and reliable.
Kochi,Public transport is convenient and reliable.
Bangalore,The neighborhood is average.
Tirunelveli,The neighborhood is modern and well maintained.
Tirunelveli,The location is suitable for some families.
Bangalore,Facilities are available in the neighborhood.
Trichy,The neighborhood is noisy and crowded.
Tirunelveli,Great place for families and children.
Hyderabad,Great place for families and children.
Kochi,The roads are poorly maintained.
Pune,Excellent location with good transportation facilities.
Hyderabad,The neighborhood is modern and well maintained.
Hyderabad,Traffic is a major problem in this area.
Pune,Public transport is convenient and reliable.
Pune,The neighborhood is average.
Madurai,Schools and hospitals are easily accessible.
Coimbatore,The location is suitable for some families.
Chennai,Facilities are available in the neighborhood.
Trichy,The area becomes very noisy during peak hours.
Chennai,The area has both advantages and disadvantages.
Hyderabad,The neighborhood is average.
Coimbatore,The neighborhood is average.
Kochi,There are not enough parking facilities.
Bangalore,The roads are poorly maintained.
Coimbatore,Great place for families and children.
Madurai,The area has both advantages and disadvantages.
Trichy,The neighborhood is modern and well maintained.
Chennai,The area has excellent shopping facilities.
Tirunelveli,Public transportation is sometimes unreliable.
Chennai,The area has excellent shopping facilities.
Bangalore,The neighborhood is average.
Pune,The neighborhood is clean and peaceful.
Pune,Excellent location with good transportation facilities.
Kochi,Schools and hospitals are easily accessible.
Madurai,The location is suitable for some families.
Salem,Very safe area with friendly people.
Tirunelveli,The neighborhood is average.
Coimbatore,The area is developing gradually.
Coimbatore,The neighborhood is clean and peaceful.
Coimbatore,Very safe area with friendly people.
Coimbatore,The area is developing gradually.
Bangalore,The location is suitable for some families.
Madurai,Great place for families and children.
Bangalore,Waste management needs improvement.
Kochi,Excellent location with good transportation facilities.
Pune,Facilities are available in the neighborhood.
Hyderabad,Very safe area with friendly people.
Pune,There are not enough parking facilities.
Tirunelveli,The neighborhood is average.
Bangalore,Public transport is convenient and reliable.
Pune,The neighborhood is average.
Chennai,Traffic is a major problem in this area.
Tirunelveli,The neighborhood is clean and peaceful.
Chennai,There are not enough parking facilities.
Chennai,Excellent location with good transportation facilities.
Salem,The roads are poorly maintained.
Chennai,The area has excellent shopping facilities.
Trichy,The area is developing gradually.
Chennai,The neighborhood is clean and peaceful.
Coimbatore,The area becomes very noisy during peak hours.
Trichy,Schools and hospitals are easily accessible.
Bangalore,The area becomes very noisy during peak hours.
Pune,The neighborhood is modern and well maintained.
Pune,Public transport is convenient and reliable.
Kochi,The area is developing gradually.
Kochi,Schools and hospitals are easily accessible.
Kochi,The neighborhood is noisy and crowded.
Madurai,The location is suitable for some families.
Tirunelveli,Waste management needs improvement.
Chennai,The neighborhood is clean and peaceful.
Bangalore,Very safe area with friendly people.
Salem,Great place for families and children.
Madurai,The neighborhood is modern and well maintained.
Chennai,The area needs better security.
Chennai,The area has excellent shopping facilities.
Salem,Facilities are available in the neighborhood.
Salem,Traffic is a major problem in this area.
Tirunelveli,Public transport is convenient and reliable.
Trichy,Facilities are available in the neighborhood.
Pune,The area has both advantages and disadvantages.
Salem,Public transport is convenient and reliable.
Chennai,Public transport is convenient and reliable.
Salem,The area has excellent shopping facilities.
Tirunelveli,Great place for families and children.
Hyderabad,Public transport is convenient and reliable.
Madurai,There are not enough parking facilities.
Trichy,Public transport is convenient and reliable.
Tirunelveli,Public transportation is sometimes unreliable.
Trichy,The neighborhood is clean and peaceful.
Coimbatore,The neighborhood is average.
Pune,Excellent location with good transportation facilities.
Coimbatore,Facilities are available in the neighborhood.
Hyderabad,Facilities are available in the neighborhood.
Trichy,Waste management needs improvement.
Salem,The area has both advantages and disadvantages.
Coimbatore,Great place for families and children.
Coimbatore,Excellent location with good transportation facilities.
Tirunelveli,Public transport is convenient and reliable.
Tirunelveli,The neighborhood is noisy and crowded.
Coimbatore,Very safe area with friendly people.
Coimbatore,The area has excellent shopping facilities.
Pune,Schools and hospitals are easily accessible.
Hyderabad,The neighborhood is clean and peaceful.
Chennai,There are not enough parking facilities.
Bangalore,Schools and hospitals are easily accessible.
Pune,The area is developing gradually.
Kochi,The area has both advantages and disadvantages.
Hyderabad,The neighborhood is noisy and crowded.
Madurai,The area has excellent shopping facilities.
Bangalore,Waste management needs improvement.
Pune,The area has excellent shopping facilities.
Madurai,Very safe area with friendly people.
Tirunelveli,The neighborhood is modern and well maintained.
Tirunelveli,The area has both advantages and disadvantages.
Tirunelveli,The area needs better security.
Tirunelveli,The neighborhood is clean and peaceful.
Kochi,There are not enough parking facilities.
Salem,Public transport is convenient and reliable.
Chennai,The location is suitable for some families.
Bangalore,Schools and hospitals are easily accessible.
Kochi,The neighborhood is clean and peaceful.
Salem,Excellent location with good transportation facilities.
Tirunelveli,The neighborhood is average.
Hyderabad,Public transport is convenient and reliable.
Pune,Great place for families and children.
Chennai,Facilities are available in the neighborhood.
Hyderabad,The neighborhood is clean and peaceful.
Tirunelveli,The area is developing gradually.
Chennai,The location is suitable for some families.
Coimbatore,Excellent location with good transportation facilities.
Kochi,The area has excellent shopping facilities.
Trichy,The area becomes very noisy during peak hours.
Coimbatore,The area has both advantages and disadvantages.
Chennai,The neighborhood is average.
Madurai,The area is developing gradually.
Tirunelveli,The area is developing gradually.
Salem,The neighborhood is modern and well maintained.
Madurai,The neighborhood is clean and peaceful.
Tirunelveli,The neighborhood is noisy and crowded.
Pune,The neighborhood is modern and well maintained.
Salem,Public transport is convenient and reliable.
Pune,The neighborhood is average.
Chennai,There are not enough parking facilities.
Hyderabad,Excellent location with good transportation facilities.
Salem,Traffic is a major problem in this area.
Trichy,The neighborhood is modern and well maintained.
Kochi,Great place for families and children.
Bangalore,The location is suitable for some families.
Madurai,Excellent location with good transportation facilities.
Bangalore,Excellent location with good transportation facilities.
Tirunelveli,Excellent location with good transportation facilities.
Chennai,The neighborhood is clean and peaceful.
Trichy,Schools and hospitals are easily accessible.
Tirunelveli,The area has both advantages and disadvantages.
Chennai,The area becomes very noisy during peak hours.
Tirunelveli,The neighborhood is clean and peaceful.
Chennai,Public transportation is sometimes unreliable.
Chennai,The neighborhood is modern and well maintained.
Chennai,The area becomes very noisy during peak hours.
Tirunelveli,The area has excellent shopping facilities.
Chennai,Traffic is a major problem in this area.
Kochi,Very safe area with friendly people.
Coimbatore,The neighborhood is average.
Trichy,The area has both advantages and disadvantages.
Bangalore,Schools and hospitals are easily accessible.
Hyderabad,Facilities are available in the neighborhood.
Salem,The location is suitable for some families.
Tirunelveli,The area has both advantages and disadvantages.
Hyderabad,Excellent location with good transportation facilities.
Coimbatore,The area needs better security.
Chennai,Great place for families and children.
Coimbatore,The area has excellent shopping facilities.
Kochi,The area is developing gradually.
Coimbatore,Public transport is convenient and reliable.
Bangalore,Schools and hospitals are easily accessible.
Bangalore,Traffic is a major problem in this area.
Tirunelveli,Waste management needs improvement.
Salem,The neighborhood is modern and well maintained.
Tirunelveli,The area has excellent shopping facilities.
Hyderabad,Excellent location with good transportation facilities.
Pune,The area is developing gradually.
Madurai,The neighborhood is modern and well maintained.
Salem,The area has both advantages and disadvantages.
Kochi,Facilities are available in the neighborhood.
Tirunelveli,Schools and hospitals are easily accessible.
Pune,The neighborhood is noisy and crowded.
Coimbatore,The neighborhood is clean and peaceful.
Madurai,The neighborhood is modern and well maintained.
Bangalore,Excellent location with good transportation facilities.
Kochi,Great place for families and children.
Coimbatore,Public transport is convenient and reliable.
Kochi,The area becomes very noisy during peak hours.
Salem,Excellent location with good transportation facilities.
Pune,Waste management needs improvement.
Tirunelveli,Public transport is convenient and reliable.
Hyderabad,The neighborhood is clean and peaceful.
Madurai,The area becomes very noisy during peak hours.
Salem,The area has both advantages and disadvantages.
Trichy,Excellent location with good transportation facilities.
Chennai,The area has both advantages and disadvantages.
Kochi,Great place for families and children.
Coimbatore,The neighborhood is modern and well maintained.
Madurai,Facilities are available in the neighborhood.
Madurai,The neighborhood is average.
Trichy,Facilities are available in the neighborhood.
Salem,The area has excellent shopping facilities.
Bangalore,Schools and hospitals are easily accessible.
Madurai,Waste management needs improvement.
Trichy,Very safe area with friendly people.
Kochi,Public transport is convenient and reliable.
Bangalore,The location is suitable for some families.
Trichy,The area becomes very noisy during peak hours.
Salem,The neighborhood is clean and peaceful.
Tirunelveli,The area has excellent shopping facilities.
Pune,Very safe area with friendly people.
Kochi,The area is developing gradually.
Tirunelveli,Traffic is a major problem in this area.
Tirunelveli,The area is developing gradually.
Tirunelveli,Waste management needs improvement.
Trichy,The neighborhood is clean and peaceful.
Chennai,The area is developing gradually.
Coimbatore,Very safe area with friendly people.
Kochi,The area has excellent shopping facilities.
Trichy,Great place for families and children.
Bangalore,Public transport is convenient and reliable.
Chennai,The neighborhood is noisy and crowded.
Coimbatore,Public transport is convenient and reliable.
Pune,The neighborhood is average.
Pune,Excellent location with good transportation facilities.
Hyderabad,The neighborhood is noisy and crowded.
Hyderabad,The area has excellent shopping facilities.
Salem,Great place for families and children.
Salem,Waste management needs improvement.
Trichy,The neighborhood is noisy and crowded.
Salem,The area is developing gradually.
Pune,Great place for families and children.
Hyderabad,Schools and hospitals are easily accessible.
Chennai,Public transport is convenient and reliable.
Hyderabad,The area has both advantages and disadvantages.
Salem,Excellent location with good transportation facilities.
Chennai,The neighborhood is average.
Salem,The neighborhood is clean and peaceful.
Bangalore,The neighborhood is average.
Kochi,Very safe area with friendly people.
Bangalore,Public transport is convenient and reliable.
Trichy,The neighborhood is clean and peaceful.
Tirunelveli,Excellent location with good transportation facilities.
Coimbatore,The roads are poorly maintained.
Bangalore,The area has excellent shopping facilities.
Madurai,The neighborhood is average.
Hyderabad,Traffic is a major problem in this area.
Madurai,The area is developing gradually.
Trichy,Schools and hospitals are easily accessible.
Madurai,Traffic is a major problem in this area.
Trichy,The neighborhood is noisy and crowded.
Coimbatore,The area is developing gradually.
Trichy,The area has excellent shopping facilities.
Salem,The neighborhood is noisy and crowded.
Coimbatore,The neighborhood is average.
Madurai,The neighborhood is noisy and crowded.
Chennai,Very safe area with friendly people.
Kochi,The neighborhood is average.
Madurai,The neighborhood is clean and peaceful.
Hyderabad,Great place for families and children.
Chennai,Public transport is convenient and reliable.
Chennai,The neighborhood is clean and peaceful.
Tirunelveli,Great place for families and children.
Kochi,The neighborhood is modern and well maintained.
Madurai,Excellent location with good transportation facilities.
Tirunelveli,The neighborhood is clean and peaceful.
Kochi,Schools and hospitals are easily accessible.
Bangalore,The neighborhood is noisy and crowded.
Trichy,The area needs better security.
Chennai,The neighborhood is noisy and crowded.
Pune,Great place for families and children.
Trichy,Schools and hospitals are easily accessible.
Coimbatore,The area needs better security.
Kochi,Waste management needs improvement.
Tirunelveli,Schools and hospitals are easily accessible.
Salem,The location is suitable for some families.
Chennai,Schools and hospitals are easily accessible.
Tirunelveli,Waste management needs improvement.
Coimbatore,Public transportation is sometimes unreliable.
Chennai,The location is suitable for some families.
Bangalore,The area has both advantages and disadvantages.
Hyderabad,The neighborhood is modern and well maintained.
Pune,Excellent location with good transportation facilities.
Tirunelveli,The location is suitable for some families.
Bangalore,The area has both advantages and disadvantages.
Bangalore,The area needs better security.
Trichy,The neighborhood is modern and well maintained.
Tirunelveli,Public transportation is sometimes unreliable.
Kochi,The area needs better security.
Madurai,Public transport is convenient and reliable.
Chennai,The neighborhood is clean and peaceful.
Salem,Very safe area with friendly people.
Coimbatore,Excellent location with good transportation facilities.
Kochi,Public transportation is sometimes unreliable.
Pune,Excellent location with good transportation facilities.
Salem,The neighborhood is modern and well maintained.
Pune,Traffic is a major problem in this area.
Madurai,The area becomes very noisy during peak hours.
Trichy,The neighborhood is clean and peaceful.
Madurai,The area needs better security.
Hyderabad,The area becomes very noisy during peak hours.
Chennai,Very safe area with friendly people.
Chennai,The area has excellent shopping facilities.
Hyderabad,Facilities are available in the neighborhood.
Hyderabad,The area has excellent shopping facilities.
Trichy,Traffic is a major problem in this area.
Coimbatore,Public transportation is sometimes unreliable.
Madurai,The roads are poorly maintained.
Bangalore,The location is suitable for some families.
Tirunelveli,The area has excellent shopping facilities.
Madurai,Very safe area with friendly people.
Tirunelveli,Excellent location with good transportation facilities.
Kochi,Schools and hospitals are easily accessible.
Tirunelveli,Schools and hospitals are easily accessible.
Trichy,The neighborhood is modern and well maintained.
Madurai,The neighborhood is noisy and crowded.
Salem,Traffic is a major problem in this area.
Kochi,The neighborhood is noisy and crowded.
Coimbatore,The area becomes very noisy during peak hours.
Pune,The location is suitable for some families.
Salem,The neighborhood is modern and well maintained.
Kochi,Very safe area with friendly people.
Kochi,Public transportation is sometimes unreliable.
Tirunelveli,The neighborhood is clean and peaceful.
Salem,The area has excellent shopping facilities.
Pune,Very safe area with friendly people.
Trichy,The area has both advantages and disadvantages.
Salem,The area is developing gradually.
Kochi,The neighborhood is average.
Trichy,The area has excellent shopping facilities.
Salem,The neighborhood is modern and well maintained.
Salem,The area is developing gradually.
Tirunelveli,The area is developing gradually.
Salem,The neighborhood is noisy and crowded.
Kochi,Great place for families and children.
Chennai,Schools and hospitals are easily accessible.
Tirunelveli,Public transportation is sometimes unreliable.
Salem,Public transportation is sometimes unreliable.
Tirunelveli,The area has both advantages and disadvantages.
Kochi,The location is suitable for some families.
Coimbatore,The area becomes very noisy during peak hours.
Hyderabad,The neighborhood is modern and well maintained.
Tirunelveli,Schools and hospitals are easily accessible.
Salem,The area has both advantages and disadvantages.
Hyderabad,The roads are poorly maintained.
Chennai,The neighborhood is modern and well maintained.
Tirunelveli,The area becomes very noisy during peak hours.
Salem,Public transport is convenient and reliable.
Chennai,The area becomes very noisy during peak hours.
Hyderabad,The area is developing gradually.
Coimbatore,Great place for families and children.
Tirunelveli,Schools and hospitals are easily accessible.
Coimbatore,Excellent location with good transportation facilities.
Tirunelveli,The area is developing gradually.
Chennai,The neighborhood is average.
Hyderabad,The area has excellent shopping facilities.
Chennai,The neighborhood is noisy and crowded.
Salem,The area needs better security.
Chennai,The neighborhood is average.
Bangalore,The neighborhood is average.
Chennai,Great place for families and children.
Tirunelveli,The neighborhood is average.
Madurai,The area has excellent shopping facilities.
Coimbatore,The area needs better security.
Chennai,Schools and hospitals are easily accessible.
Chennai,There are not enough parking facilities.
Trichy,Very safe area with friendly people.
Salem,The neighborhood is clean and peaceful.
Coimbatore,Excellent location with good transportation facilities.
Chennai,The neighborhood is modern and well maintained.
Trichy,The area has excellent shopping facilities.
Hyderabad,Traffic is a major problem in this area.
Chennai,The neighborhood is clean and peaceful.
Hyderabad,Public transport is convenient and reliable.
Salem,The neighborhood is modern and well maintained.
Madurai,Excellent location with good transportation facilities.
Tirunelveli,Schools and hospitals are easily accessible.
Salem,Very safe area with friendly people.
Bangalore,The area has excellent shopping facilities.
Tirunelveli,The location is suitable for some families.
Trichy,Public transportation is sometimes unreliable.
Trichy,Public transport is convenient and reliable.
Pune,The area has excellent shopping facilities.
Madurai,Public transport is convenient and reliable.
Bangalore,The roads are poorly maintained.
Bangalore,The roads are poorly maintained.
Trichy,The area has excellent shopping facilities.
Tirunelveli,Very safe area with friendly people.
Tirunelveli,Excellent location with good transportation facilities.
Hyderabad,Public transportation is sometimes unreliable.
Kochi,Schools and hospitals are easily accessible.
Trichy,Excellent location with good transportation facilities.
Chennai,The area becomes very noisy during peak hours.
Salem,The area becomes very noisy during peak hours.
Coimbatore,The area needs better security.
Tirunelveli,The neighborhood is clean and peaceful.
Pune,Public transport is convenient and reliable.
Trichy,The neighborhood is modern and well maintained.
Salem,Waste management needs improvement.
Kochi,The area is developing gradually.
Pune,Traffic is a major problem in this area.
Chennai,Facilities are available in the neighborhood.
Chennai,The neighborhood is modern and well maintained.
Bangalore,Very safe area with friendly people.
Chennai,Facilities are available in the neighborhood.
Chennai,The neighborhood is clean and peaceful.
Pune,Public transport is convenient and reliable.
Bangalore,The roads are poorly maintained.
Trichy,Great place for families and children.
Pune,The neighborhood is modern and well maintained.
Tirunelveli,The area has excellent shopping facilities.
Chennai,The area is developing gradually.
Trichy,There are not enough parking facilities.
Madurai,Schools and hospitals are easily accessible.
Tirunelveli,Public transportation is sometimes unreliable.
Bangalore,Schools and hospitals are easily accessible.
Bangalore,The area has excellent shopping facilities.
Trichy,There are not enough parking facilities.
Madurai,Excellent location with good transportation facilities.
Kochi,The neighborhood is noisy and crowded.
Madurai,Excellent location with good transportation facilities.
Chennai,The area is developing gradually.
Madurai,The neighborhood is clean and peaceful.
Trichy,Excellent location with good transportation facilities.
Tirunelveli,Public transport is convenient and reliable.
Coimbatore,Waste management needs improvement.
Madurai,The neighborhood is average.
Pune,The area has excellent shopping facilities.
Bangalore,The area has both advantages and disadvantages.
Madurai,The roads are poorly maintained.
Salem,The neighborhood is modern and well maintained.
Madurai,The area has excellent shopping facilities.
Hyderabad,The neighborhood is clean and peaceful.
Hyderabad,The neighborhood is clean and peaceful.
Chennai,The neighborhood is clean and peaceful.
Pune,The neighborhood is average.
Chennai,The neighborhood is average.
Chennai,Excellent location with good transportation facilities.
Kochi,The neighborhood is modern and well maintained.
Madurai,Schools and hospitals are easily accessible.
Coimbatore,The roads are poorly maintained.
Pune,The area becomes very noisy during peak hours.
Chennai,The area is developing gradually.
Kochi,There are not enough parking facilities.
Pune,Public transport is convenient and reliable.
Pune,Traffic is a major problem in this area.
Kochi,The neighborhood is noisy and crowded.
Bangalore,The area is developing gradually.
Kochi,Schools and hospitals are easily accessible.
Coimbatore,The neighborhood is average.
Bangalore,The area has both advantages and disadvantages.
Tirunelveli,Public transportation is sometimes unreliable.
Hyderabad,The neighborhood is average.
Chennai,Great place for families and children.
Bangalore,Great place for families and children.
Tirunelveli,Waste management needs improvement.
Trichy,The neighborhood is noisy and crowded.
Tirunelveli,The location is suitable for some families.
Madurai,Traffic is a major problem in this area.
Madurai,The area has both advantages and disadvantages.
Madurai,Traffic is a major problem in this area.
Kochi,The area has both advantages and disadvantages.
Pune,The area has excellent shopping facilities.
Madurai,Facilities are available in the neighborhood.
Chennai,The area is developing gradually.
Pune,Great place for families and children.
Tirunelveli,The neighborhood is average.
Salem,Facilities are available in the neighborhood.
Trichy,The area has both advantages and disadvantages.
Hyderabad,The neighborhood is clean and peaceful.
Hyderabad,The location is suitable for some families.
Madurai,Excellent location with good transportation facilities.
Tirunelveli,The area needs better security.
Kochi,The area becomes very noisy during peak hours.
Salem,The area has excellent shopping facilities.
Trichy,Traffic is a major problem in this area.
Kochi,The area has excellent shopping facilities.
Pune,Public transportation is sometimes unreliable.
Kochi,The neighborhood is average.
Hyderabad,Traffic is a major problem in this area.
Madurai,The neighborhood is average.
Tirunelveli,Great place for families and children.
Trichy,The area becomes very noisy during peak hours.
Trichy,The roads are poorly maintained.
Bangalore,The neighborhood is noisy and crowded.
Salem,There are not enough parking facilities.
Salem,Great place for families and children.
Coimbatore,The neighborhood is average.
Chennai,The neighborhood is clean and peaceful.
Pune,Great place for families and children.
Coimbatore,The neighborhood is average.
Madurai,Facilities are available in the neighborhood.
Tirunelveli,The area is developing gradually.
Pune,Traffic is a major problem in this area.
Coimbatore,The neighborhood is noisy and crowded.
Coimbatore,The neighborhood is average.
Pune,The area becomes very noisy during peak hours.
Salem,Facilities are available in the neighborhood.
Trichy,There are not enough parking facilities.
Chennai,Facilities are available in the neighborhood.
Salem,Great place for families and children.
Bangalore,Very safe area with friendly people.
Madurai,Public transport is convenient and reliable.
Coimbatore,The neighborhood is clean and peaceful.
Salem,The area has excellent shopping facilities.
Pune,The area becomes very noisy during peak hours.
Chennai,Waste management needs improvement.
Madurai,Facilities are available in the neighborhood.
Pune,The area has both advantages and disadvantages.
Pune,Traffic is a major problem in this area.
Salem,The neighborhood is average.
Coimbatore,The area has excellent shopping facilities.
Hyderabad,Public transportation is sometimes unreliable.
Hyderabad,The neighborhood is clean and peaceful.
Trichy,The area needs better security.
Coimbatore,Public transport is convenient and reliable.
Kochi,The neighborhood is average.
Trichy,The neighborhood is modern and well maintained.
Salem,Public transportation is sometimes unreliable.
Pune,The area becomes very noisy during peak hours.
Bangalore,The neighborhood is noisy and crowded.
Hyderabad,Great place for families and children.
Bangalore,The area needs better security.
Bangalore,The area has excellent shopping facilities.
Kochi,The area needs better security.
Trichy,Public transportation is sometimes unreliable.
Chennai,The area is developing gradually.
Chennai,Very safe area with friendly people.
Madurai,The roads are poorly maintained.
Kochi,Waste management needs improvement.
Pune,Very safe area with friendly people.
Chennai,The area needs better security.
Chennai,There are not enough parking facilities.
Salem,Very safe area with friendly people.
Trichy,The neighborhood is noisy and crowded.
Salem,The area has excellent shopping facilities.
Tirunelveli,The neighborhood is average.
Trichy,The area becomes very noisy during peak hours.
Bangalore,The neighborhood is modern and well maintained.
Kochi,Schools and hospitals are easily accessible.
Madurai,There are not enough parking facilities.
Madurai,The neighborhood is clean and peaceful.
Bangalore,The neighborhood is modern and well maintained.
Hyderabad,Public transportation is sometimes unreliable.
Bangalore,Public transport is convenient and reliable.
Tirunelveli,The area has excellent shopping facilities.
Madurai,The roads are poorly maintained.
Chennai,Public transport is convenient and reliable.
Coimbatore,Great place for families and children.
Pune,The neighborhood is modern and well maintained.
Madurai,The area needs better security.
Hyderabad,Great place for families and children.
Salem,The area is developing gradually.
Bangalore,The roads are poorly maintained.
Kochi,Great place for families and children.
Bangalore,The neighborhood is modern and well maintained.
Kochi,The area has both advantages and disadvantages.
Salem,Schools and hospitals are easily accessible.
Coimbatore,The location is suitable for some families.
Salem,Schools and hospitals are easily accessible.
Salem,The neighborhood is average.
Tirunelveli,Waste management needs improvement.
Salem,The area has both advantages and disadvantages.
Trichy,Great place for families and children.
Kochi,The roads are poorly maintained.
Salem,The area has both advantages and disadvantages.
Hyderabad,The neighborhood is clean and peaceful.
Pune,The area becomes very noisy during peak hours.
Hyderabad,Great place for families and children.
Bangalore,The neighborhood is modern and well maintained.
Tirunelveli,The neighborhood is modern and well maintained.
Madurai,Excellent location with good transportation facilities.
Coimbatore,There are not enough parking facilities.
Salem,Public transportation is sometimes unreliable.
Kochi,The neighborhood is modern and well maintained.
Madurai,The area is developing gradually.
Bangalore,The roads are poorly maintained.
Chennai,Very safe area with friendly people.
Trichy,Schools and hospitals are easily accessible.
Hyderabad,The neighborhood is average.
Pune,Great place for families and children.
Kochi,Excellent location with good transportation facilities.
Bangalore,Schools and hospitals are easily accessible.
Coimbatore,Very safe area with friendly people.
Tirunelveli,The neighborhood is clean and peaceful.
Madurai,The neighborhood is clean and peaceful.
Salem,The area has excellent shopping facilities.
Coimbatore,The area is developing gradually.
Coimbatore,The neighborhood is modern and well maintained.
Pune,The area becomes very noisy during peak hours.
Madurai,Facilities are available in the neighborhood.
Salem,Great place for families and children.
Trichy,Schools and hospitals are easily accessible.
Hyderabad,The neighborhood is average.
Madurai,Waste management needs improvement.
Chennai,The neighborhood is clean and peaceful.
Madurai,Very safe area with friendly people.
Coimbatore,The area becomes very noisy during peak hours.
Madurai,The area has both advantages and disadvantages.
Pune,The neighborhood is average.
Tirunelveli,Public transportation is sometimes unreliable.
Kochi,The area becomes very noisy during peak hours.
Coimbatore,Public transportation is sometimes unreliable.
Kochi,Very safe area with friendly people.
Pune,Great place for families and children.
Tirunelveli,Schools and hospitals are easily accessible.
Salem,Great place for families and children.
Tirunelveli,Schools and hospitals are easily accessible.
Salem,Great place for families and children.
Pune,Facilities are available in the neighborhood.
Chennai,Waste management needs improvement.
Coimbatore,Public transport is convenient and reliable.
Trichy,Public transport is convenient and reliable.
Hyderabad,Traffic is a major problem in this area.
Chennai,The roads are poorly maintained.
Hyderabad,Public transportation is sometimes unreliable.
Coimbatore,Great place for families and children.
Chennai,Public transportation is sometimes unreliable.
Madurai,Public transport is convenient and reliable.
Madurai,The area is developing gradually.
Hyderabad,The neighborhood is modern and well maintained.
Bangalore,The area has both advantages and disadvantages.
Chennai,The neighborhood is modern and well maintained.
Pune,The location is suitable for some families.
Chennai,The neighborhood is average.
Pune,The neighborhood is modern and well maintained.
Kochi,Very safe area with friendly people.
Chennai,The neighborhood is noisy and crowded.
Salem,Public transportation is sometimes unreliable.
Trichy,The neighborhood is modern and well maintained.
Hyderabad,Very safe area with friendly people.
Chennai,The neighborhood is clean and peaceful.
Coimbatore,The neighborhood is average.
Trichy,The area is developing gradually.
Pune,The area needs better security.
Hyderabad,Very safe area with friendly people.
Hyderabad,The area has both advantages and disadvantages.
Hyderabad,The neighborhood is average.
Chennai,Schools and hospitals are easily accessible.
Tirunelveli,The area is developing gradually.
Coimbatore,The area has both advantages and disadvantages.
Kochi,The area has both advantages and disadvantages.
Pune,Excellent location with good transportation facilities.
Pune,The area needs better security.
Trichy,The area is developing gradually.
Bangalore,Public transport is convenient and reliable.
Tirunelveli,The area is developing gradually.
Madurai,Very safe area with friendly people.
Tirunelveli,The area becomes very noisy during peak hours.
Chennai,The area is developing gradually.
Salem,Public transportation is sometimes unreliable.
Hyderabad,The area has excellent shopping facilities.
Madurai,The area needs better security.
Trichy,The area has excellent shopping facilities.
Madurai,Great place for families and children.
Salem,The area becomes very noisy during peak hours.
Coimbatore,Traffic is a major problem in this area.
Coimbatore,The roads are poorly maintained.
Trichy,Excellent location with good transportation facilities.
Trichy,Traffic is a major problem in this area.
Tirunelveli,The neighborhood is clean and peaceful.
Tirunelveli,The neighborhood is modern and well maintained.
Kochi,Schools and hospitals are easily accessible.
Coimbatore,The roads are poorly maintained.
Coimbatore,The location is suitable for some families.
Chennai,The roads are poorly maintained.
Hyderabad,Great place for families and children.
Coimbatore,The area has both advantages and disadvantages.
Bangalore,The neighborhood is modern and well maintained.
Madurai,Excellent location with good transportation facilities.
Salem,Public transport is convenient and reliable.
Coimbatore,The area is developing gradually.
Kochi,Facilities are available in the neighborhood.
Coimbatore,The neighborhood is clean and peaceful.
Salem,Facilities are available in the neighborhood.
Coimbatore,Public transport is convenient and reliable.
Tirunelveli,Public transportation is sometimes unreliable.
Chennai,Excellent location with good transportation facilities.
Coimbatore,Facilities are available in the neighborhood.
Chennai,The neighborhood is modern and well maintained.
Madurai,Schools and hospitals are easily accessible.
Hyderabad,The neighborhood is clean and peaceful.
Salem,The location is suitable for some families.
Chennai,Great place for families and children.
Trichy,Waste management needs improvement.
Pune,There are not enough parking facilities.
Trichy,Facilities are available in the neighborhood.
Bangalore,The neighborhood is average.
Coimbatore,The neighborhood is clean and peaceful.
Chennai,The neighborhood is modern and well maintained.
Coimbatore,The neighborhood is clean and peaceful.
Tirunelveli,The neighborhood is modern and well maintained.
Pune,Excellent location with good transportation facilities.
Coimbatore,Traffic is a major problem in this area.
Tirunelveli,The neighborhood is modern and well maintained.
Chennai,The area has both advantages and disadvantages.
Trichy,The location is suitable for some families.
Madurai,The area has both advantages and disadvantages.
Trichy,The area has excellent shopping facilities.
Trichy,Waste management needs improvement.
Tirunelveli,The area becomes very noisy during peak hours.
Madurai,The area has excellent shopping facilities.
Chennai,Excellent location with good transportation facilities.
Tirunelveli,The neighborhood is average.
Kochi,The location is suitable for some families.
Pune,The neighborhood is average.
Tirunelveli,Excellent location with good transportation facilities.
Bangalore,Traffic is a major problem in this area.
Hyderabad,The neighborhood is average.
Hyderabad,Excellent location with good transportation facilities.
Pune,Very safe area with friendly people.
Hyderabad,Traffic is a major problem in this area.
Pune,The roads are poorly maintained.
Pune,The neighborhood is noisy and crowded.
Tirunelveli,The location is suitable for some families.
Madurai,There are not enough parking facilities.
Coimbatore,Waste management needs improvement.
Bangalore,The area is developing gradually.
Trichy,The area becomes very noisy during peak hours.
Hyderabad,Great place for families and children.
Tirunelveli,The area has excellent shopping facilities.
Madurai,Public transport is convenient and reliable.
Chennai,Waste management needs improvement.
Kochi,The neighborhood is average.
Madurai,There are not enough parking facilities.
Kochi,Facilities are available in the neighborhood.
Trichy,Excellent location with good transportation facilities.
Trichy,Public transport is convenient and reliable.
Bangalore,The neighborhood is clean and peaceful.
Chennai,The neighborhood is modern and well maintained.
Pune,The neighborhood is modern and well maintained.
Madurai,The area has excellent shopping facilities.
Chennai,The area has both advantages and disadvantages.
Tirunelveli,The neighborhood is modern and well maintained.
Pune,Waste management needs improvement.
Chennai,Very safe area with friendly people.
Bangalore,The neighborhood is modern and well maintained.
Pune,Very safe area with friendly people.
Madurai,Excellent location with good transportation facilities.
Kochi,The neighborhood is average.
Tirunelveli,The neighborhood is modern and well maintained.
Hyderabad,The area has excellent shopping facilities.
Coimbatore,The neighborhood is clean and peaceful.
Hyderabad,Great place for families and children.
Kochi,The area needs better security.
Hyderabad,The neighborhood is clean and peaceful.
Coimbatore,Excellent location with good transportation facilities.
Bangalore,The neighborhood is average.
Chennai,Excellent location with good transportation facilities.
Pune,Schools and hospitals are easily accessible.
Pune,The area is developing gradually.
Chennai,Excellent location with good transportation facilities.
Madurai,Schools and hospitals are easily accessible.
Bangalore,Traffic is a major problem in this area.
Hyderabad,The area has excellent shopping facilities.
Madurai,Excellent location with good transportation facilities.
Madurai,The roads are poorly maintained.
Hyderabad,Schools and hospitals are easily accessible.
Kochi,The neighborhood is clean and peaceful.
Bangalore,The area becomes very noisy during peak hours.
Trichy,Very safe area with friendly people.
Chennai,Great place for families and children.
Kochi,Waste management needs improvement.
Hyderabad,The roads are poorly maintained.
Bangalore,The roads are poorly maintained.
Madurai,The location is suitable for some families.
Coimbatore,Schools and hospitals are easily accessible.
Chennai,The neighborhood is average.
Kochi,Great place for families and children.
Bangalore,The neighborhood is modern and well maintained.
Tirunelveli,The location is suitable for some families.
Madurai,The neighborhood is modern and well maintained.
Trichy,The neighborhood is clean and peaceful.
Pune,Excellent location with good transportation facilities.
Pune,The area has excellent shopping facilities.
Salem,Traffic is a major problem in this area.
Madurai,The neighborhood is clean and peaceful.
Salem,Traffic is a major problem in this area.
Kochi,Facilities are available in the neighborhood.
Pune,Facilities are available in the neighborhood.
Tirunelveli,There are not enough parking facilities.
Bangalore,The area has both advantages and disadvantages.
Trichy,The area has excellent shopping facilities.
Bangalore,The location is suitable for some families.
Tirunelveli,The area needs better security.
Hyderabad,The neighborhood is clean and peaceful.
Pune,Public transport is convenient and reliable.
Hyderabad,Schools and hospitals are easily accessible.
Chennai,Public transport is convenient and reliable.
Madurai,The neighborhood is modern and well maintained.
Madurai,Traffic is a major problem in this area.
Coimbatore,Traffic is a major problem in this area.
Coimbatore,The location is suitable for some families.
Pune,The neighborhood is clean and peaceful.
Tirunelveli,Facilities are available in the neighborhood.
Trichy,Public transport is convenient and reliable.
Kochi,Public transport is convenient and reliable.
Bangalore,Very safe area with friendly people.
Bangalore,Schools and hospitals are easily accessible.
Bangalore,The area is developing gradually.
Bangalore,Excellent location with good transportation facilities.
Trichy,Facilities are available in the neighborhood.
Chennai,The neighborhood is clean and peaceful.
Tirunelveli,The location is suitable for some families.
Pune,The neighborhood is clean and peaceful.
Hyderabad,The neighborhood is modern and well maintained.
Coimbatore,Waste management needs improvement.
Trichy,The neighborhood is average.
Hyderabad,The neighborhood is clean and peaceful.
Bangalore,Very safe area with friendly people.
Salem,The neighborhood is average.
Trichy,The area has excellent shopping facilities.
Bangalore,There are not enough parking facilities.
Hyderabad,The neighborhood is average.
Pune,The neighborhood is clean and peaceful.
Trichy,The neighborhood is noisy and crowded.
Coimbatore,Waste management needs improvement.
Coimbatore,Very safe area with friendly people.
Kochi,The area needs better security.
Madurai,The area becomes very noisy during peak hours.
Kochi,There are not enough parking facilities.
Chennai,Schools and hospitals are easily accessible.
Hyderabad,The area is developing gradually.
Salem,Public transport is convenient and reliable.
Pune,Facilities are available in the neighborhood.
Madurai,The neighborhood is noisy and crowded.
Trichy,The roads are poorly maintained.
Kochi,The area is developing gradually.
Bangalore,The neighborhood is modern and well maintained.
Tirunelveli,The area has excellent shopping facilities.
Trichy,The area is developing gradually.
Bangalore,Schools and hospitals are easily accessible.
Hyderabad,There are not enough parking facilities.
Madurai,Facilities are available in the neighborhood.
Pune,The area has both advantages and disadvantages.
Trichy,Facilities are available in the neighborhood.
Salem,The area has excellent shopping facilities.
Trichy,Great place for families and children.
Tirunelveli,Very safe area with friendly people.
Tirunelveli,Very safe area with friendly people.
Bangalore,Great place for families and children.
Chennai,Public transport is convenient and reliable.
Bangalore,Great place for families and children.
Kochi,The area has excellent shopping facilities.
Madurai,The neighborhood is modern and well maintained.
Trichy,Public transport is convenient and reliable.
Bangalore,Schools and hospitals are easily accessible.
Salem,Schools and hospitals are easily accessible.
Chennai,The area needs better security.
Chennai,The neighborhood is average.
Madurai,The neighborhood is clean and peaceful.
Kochi,The neighborhood is clean and peaceful.
Tirunelveli,The neighborhood is clean and peaceful.
Kochi,The area becomes very noisy during peak hours.
Kochi,The neighborhood is modern and well maintained.
Bangalore,The neighborhood is modern and well maintained.
Madurai,The neighborhood is clean and peaceful.
Coimbatore,Schools and hospitals are easily accessible.
Kochi,Waste management needs improvement.
Tirunelveli,Traffic is a major problem in this area.
Bangalore,The area has excellent shopping facilities.
Hyderabad,Schools and hospitals are easily accessible.
Salem,Schools and hospitals are easily accessible.
Bangalore,The area has excellent shopping facilities.
Salem,Schools and hospitals are easily accessible.
Trichy,The neighborhood is average.
Kochi,Facilities are available in the neighborhood.
Chennai,The location is suitable for some families.
Kochi,Public transportation is sometimes unreliable.
Chennai,Schools and hospitals are easily accessible.
Madurai,Public transport is convenient and reliable.
Tirunelveli,The roads are poorly maintained.
Hyderabad,The area has excellent shopping facilities.
Hyderabad,The neighborhood is average.
Bangalore,Facilities are available in the neighborhood.
Kochi,The area is developing gradually.
Salem,Very safe area with friendly people.
Trichy,The area has excellent shopping facilities.
Madurai,The neighborhood is modern and well maintained.
Bangalore,Public transportation is sometimes unreliable.
Tirunelveli,Great place for families and children.
Salem,The area becomes very noisy during peak hours.
Bangalore,Public transportation is sometimes unreliable.
Bangalore,Very safe area with friendly people.
Salem,Traffic is a major problem in this area.
Trichy,The area has both advantages and disadvantages.
Chennai,The area becomes very noisy during peak hours.
Hyderabad,Facilities are available in the neighborhood.
Kochi,Public transport is convenient and reliable.
Trichy,The location is suitable for some families.
Chennai,Public transport is convenient and reliable.
Tirunelveli,Public transportation is sometimes unreliable.
Tirunelveli,The roads are poorly maintained.
Pune,The area is developing gradually.
Trichy,The area is developing gradually.
Salem,Facilities are available in the neighborhood.
Pune,Schools and hospitals are easily accessible.
Bangalore,The neighborhood is modern and well maintained.
Salem,The neighborhood is average.
Hyderabad,The neighborhood is modern and well maintained.
Coimbatore,Excellent location with good transportation facilities.
Bangalore,The area has excellent shopping facilities.
Coimbatore,The neighborhood is noisy and crowded.
Trichy,Excellent location with good transportation facilities.
Madurai,Schools and hospitals are easily accessible.
Chennai,The area has both advantages and disadvantages.
Salem,Facilities are available in the neighborhood.
Madurai,Public transport is convenient and reliable.
Trichy,The area becomes very noisy during peak hours.
Bangalore,The neighborhood is clean and peaceful.
Hyderabad,The neighborhood is modern and well maintained.
Tirunelveli,Excellent location with good transportation facilities.
Pune,The location is suitable for some families.
Salem,The neighborhood is modern and well maintained.
Salem,Excellent location with good transportation facilities.
Trichy,The neighborhood is modern and well maintained.
Bangalore,Excellent location with good transportation facilities.
Tirunelveli,The location is suitable for some families.
Tirunelveli,The neighborhood is modern and well maintained.
Bangalore,Schools and hospitals are easily accessible.
Salem,The area has both advantages and disadvantages.
Trichy,The area is developing gradually.
Salem,Facilities are available in the neighborhood.
Hyderabad,Waste management needs improvement.
Chennai,The area becomes very noisy during peak hours.
Madurai,Facilities are available in the neighborhood.
Madurai,The neighborhood is modern and well maintained.
Tirunelveli,The area is developing gradually.
Bangalore,The neighborhood is noisy and crowded.
Salem,Great place for families and children.
Bangalore,The neighborhood is average.
Tirunelveli,Very safe area with friendly people.
Madurai,The location is suitable for some families.
Coimbatore,The area has excellent shopping facilities.
Trichy,Public transportation is sometimes unreliable.
Tirunelveli,The area has excellent shopping facilities.
Coimbatore,Public transport is convenient and reliable.
Madurai,Schools and hospitals are easily accessible.
Madurai,Traffic is a major problem in this area.
Madurai,Public transportation is sometimes unreliable.
Pune,Public transport is convenient and reliable.
Madurai,The area has both advantages and disadvantages.
Trichy,The roads are poorly maintained.
Pune,The neighborhood is modern and well maintained.
Tirunelveli,The neighborhood is noisy and crowded.
Madurai,Schools and hospitals are easily accessible.
Chennai,Schools and hospitals are easily accessible.
Madurai,Public transport is convenient and reliable.
Pune,Excellent location with good transportation facilities.
Chennai,Great place for families and children.
Chennai,Very safe area with friendly people.
Tirunelveli,Excellent location with good transportation facilities.
Madurai,Great place for families and children.
Trichy,The neighborhood is clean and peaceful.
Salem,The neighborhood is average.
Chennai,The area has excellent shopping facilities.
Hyderabad,Great place for families and children.
Bangalore,The location is suitable for some families.
Coimbatore,The area becomes very noisy during peak hours.
Madurai,The neighborhood is average.
Bangalore,The location is suitable for some families.
Chennai,Traffic is a major problem in this area.
Chennai,The location is suitable for some families.
Madurai,Schools and hospitals are easily accessible.
Kochi,Schools and hospitals are easily accessible.
Kochi,The location is suitable for some families.
Kochi,Public transport is convenient and reliable.
Coimbatore,Great place for families and children.
Bangalore,Very safe area with friendly people.
Pune,The neighborhood is modern and well maintained.
Coimbatore,There are not enough parking facilities.
Salem,Very safe area with friendly people.
Bangalore,The neighborhood is modern and well maintained.
Madurai,The area becomes very noisy during peak hours.
Hyderabad,The location is suitable for some families.
Hyderabad,The location is suitable for some families.
Hyderabad,The neighborhood is clean and peaceful.
Hyderabad,The neighborhood is modern and well maintained.
Bangalore,The neighborhood is average.
Trichy,Public transport is convenient and reliable.
Bangalore,The area is developing gradually.
Bangalore,The neighborhood is clean and peaceful.
Bangalore,Facilities are available in the neighborhood.
Hyderabad,Great place for families and children.
Pune,The area needs better security.
Tirunelveli,Public transport is convenient and reliable.
Kochi,The area has both advantages and disadvantages.
Trichy,The area has excellent shopping facilities.
Madurai,The neighborhood is modern and well maintained.
Bangalore,The neighborhood is modern and well maintained.
Bangalore,Excellent location with good transportation facilities.
Bangalore,The area has both advantages and disadvantages.
Trichy,Great place for families and children.
Coimbatore,Traffic is a major problem in this area.
Chennai,The area has excellent shopping facilities.
Madurai,Public transport is convenient and reliable.
Pune,The location is suitable for some families.
Hyderabad,The neighborhood is clean and peaceful.
Kochi,Great place for families and children.
Pune,Very safe area with friendly people.
Chennai,Schools and hospitals are easily accessible.
Bangalore,Facilities are available in the neighborhood.
Pune,Public transport is convenient and reliable.
Hyderabad,Great place for families and children.
Pune,The area has both advantages and disadvantages.
Hyderabad,The area is developing gradually.
Madurai,Very safe area with friendly people.
Hyderabad,Public transportation is sometimes unreliable.
Pune,The area has excellent shopping facilities.
Bangalore,The area is developing gradually.
Chennai,The area has excellent shopping facilities.
Coimbatore,The area becomes very noisy during peak hours.
Salem,Schools and hospitals are easily accessible.
Coimbatore,Excellent location with good transportation facilities.
Coimbatore,The area is developing gradually.
Tirunelveli,The area is developing gradually.
Pune,Great place for families and children.
Kochi,Very safe area with friendly people.
Salem,Very safe area with friendly people.
Tirunelveli,The location is suitable for some families.
Bangalore,Very safe area with friendly people.
Pune,Public transportation is sometimes unreliable.
Coimbatore,Very safe area with friendly people.
Tirunelveli,Very safe area with friendly people.
Tirunelveli,The area is developing gradually.
Chennai,The neighborhood is average.
Chennai,The location is suitable for some families.
Tirunelveli,Public transport is convenient and reliable.
Salem,Great place for families and children.
Trichy,Very safe area with friendly people.
Kochi,The neighborhood is modern and well maintained.
Trichy,The neighborhood is clean and peaceful.
Kochi,Public transportation is sometimes unreliable.
Bangalore,The neighborhood is average.
Coimbatore,Facilities are available in the neighborhood.
Trichy,Facilities are available in the neighborhood.
Kochi,Public transport is convenient and reliable.
Tirunelveli,The neighborhood is modern and well maintained.
Kochi,Public transport is convenient and reliable.
Tirunelveli,Public transport is convenient and reliable.
Chennai,The area needs better security.
Chennai,There are not enough parking facilities.
Salem,The area has excellent shopping facilities.
Salem,Facilities are available in the neighborhood.
Chennai,Public transport is convenient and reliable.
Hyderabad,The location is suitable for some families.
Trichy,Waste management needs improvement.
Hyderabad,Waste management needs improvement.
Trichy,The area has excellent shopping facilities.
Kochi,Excellent location with good transportation facilities.
Trichy,Very safe area with friendly people.
Hyderabad,The area is developing gradually.
Pune,The area has excellent shopping facilities.
Tirunelveli,The area needs better security.
Pune,The neighborhood is modern and well maintained.
Hyderabad,Schools and hospitals are easily accessible.
Coimbatore,The area becomes very noisy during peak hours.
Coimbatore,Public transport is convenient and reliable.
Salem,The area becomes very noisy during peak hours.
Salem,The neighborhood is average.
Bangalore,The area needs better security.
Hyderabad,The neighborhood is modern and well maintained.
Chennai,Public transportation is sometimes unreliable.
Chennai,The area has excellent shopping facilities.
Trichy,Schools and hospitals are easily accessible.
Trichy,The area becomes very noisy during peak hours.
Pune,The area has excellent shopping facilities.
Salem,The area needs better security.
Tirunelveli,The area needs better security.
Madurai,The area has both advantages and disadvantages.
Bangalore,The neighborhood is noisy and crowded.
Madurai,There are not enough parking facilities.
Pune,Public transportation is sometimes unreliable.
Bangalore,The neighborhood is clean and peaceful.
Kochi,Excellent location with good transportation facilities.
Bangalore,Schools and hospitals are easily accessible.
Chennai,Excellent location with good transportation facilities.
Hyderabad,The neighborhood is clean and peaceful.
Salem,The roads are poorly maintained.
Bangalore,Waste management needs improvement.
Kochi,The neighborhood is clean and peaceful.
Madurai,The area has excellent shopping facilities.
Hyderabad,The neighborhood is clean and peaceful.
Madurai,The roads are poorly maintained.
Madurai,The location is suitable for some families.
Trichy,Very safe area with friendly people.
Salem,The area needs better security.
Hyderabad,Great place for families and children.
Pune,Excellent location with good transportation facilities.
Tirunelveli,The neighborhood is clean and peaceful.
Trichy,Traffic is a major problem in this area.
Hyderabad,The area is developing gradually.
Tirunelveli,The area is developing gradually.
Hyderabad,Great place for families and children.
Salem,Excellent location with good transportation facilities.
Bangalore,There are not enough parking facilities.
Tirunelveli,Traffic is a major problem in this area.
Pune,Public transport is convenient and reliable.
Kochi,The neighborhood is noisy and crowded.
Bangalore,Facilities are available in the neighborhood.
Pune,The location is suitable for some families.
Kochi,Excellent location with good transportation facilities.
Hyderabad,Public transportation is sometimes unreliable.
Salem,The neighborhood is average.
Bangalore,Very safe area with friendly people.
Kochi,The area needs better security.
Pune,The neighborhood is clean and peaceful.
Salem,Waste management needs improvement.
Coimbatore,Public transportation is sometimes unreliable.
Tirunelveli,The neighborhood is noisy and crowded.
Hyderabad,Facilities are available in the neighborhood.
Bangalore,Schools and hospitals are easily accessible.
Coimbatore,Excellent location with good transportation facilities.
Kochi,The area is developing gradually.
Salem,The neighborhood is clean and peaceful.
Pune,Traffic is a major problem in this area.
Kochi,Public transportation is sometimes unreliable.
Madurai,The neighborhood is modern and well maintained.
Hyderabad,Great place for families and children.
Chennai,The area is developing gradually.
Salem,Public transportation is sometimes unreliable.
Coimbatore,Public transportation is sometimes unreliable.
Madurai,Very safe area with friendly people.
Kochi,The roads are poorly maintained.
Kochi,Public transportation is sometimes unreliable.
Coimbatore,Public transport is convenient and reliable.
Chennai,The neighborhood is average.
Hyderabad,The area has both advantages and disadvantages.
Tirunelveli,There are not enough parking facilities.
Chennai,The area has excellent shopping facilities.
Pune,Traffic is a major problem in this area.
Chennai,The area has both advantages and disadvantages.
Coimbatore,The area has both advantages and disadvantages.
Tirunelveli,Traffic is a major problem in this area.
Coimbatore,Public transport is convenient and reliable.
Madurai,Public transport is convenient and reliable.
Salem,Excellent location with good transportation facilities.
Coimbatore,The area has both advantages and disadvantages.
Coimbatore,The neighborhood is clean and peaceful.
Trichy,Very safe area with friendly people.
Tirunelveli,The neighborhood is clean and peaceful.
Chennai,Excellent location with good transportation facilities.
Salem,Public transport is convenient and reliable.
Madurai,The neighborhood is clean and peaceful.
Madurai,The neighborhood is average.
Kochi,The area has excellent shopping facilities.
Trichy,The area has excellent shopping facilities.
Kochi,Very safe area with friendly people.
Chennai,Very safe area with friendly people.
Bangalore,Very safe area with friendly people.
Kochi,Very safe area with friendly people.
Chennai,The neighborhood is clean and peaceful.
Hyderabad,Great place for families and children.
Coimbatore,Great place for families and children.
Madurai,The neighborhood is clean and peaceful.
Chennai,The location is suitable for some families.
Trichy,Traffic is a major problem in this area.
Salem,Facilities are available in the neighborhood.
Kochi,There are not enough parking facilities.
Madurai,Traffic is a major problem in this area.
Pune,Great place for families and children.
Madurai,Public transport is convenient and reliable.
Coimbatore,Waste management needs improvement.
Madurai,Public transport is convenient and reliable.
Bangalore,The neighborhood is noisy and crowded.
Madurai,The roads are poorly maintained.
Hyderabad,The roads are poorly maintained.
Hyderabad,The area is developing gradually.
Tirunelveli,The neighborhood is noisy and crowded.
Kochi,Facilities are available in the neighborhood.
Madurai,The roads are poorly maintained.
Hyderabad,Very safe area with friendly people.
Salem,Very safe area with friendly people.
Madurai,Facilities are available in the neighborhood.
Tirunelveli,The location is suitable for some families.
Bangalore,Excellent location with good transportation facilities.
Hyderabad,Waste management needs improvement.
Bangalore,The neighborhood is modern and well maintained.
Bangalore,The neighborhood is clean and peaceful.
Kochi,The neighborhood is modern and well maintained.
Madurai,Facilities are available in the neighborhood.
Salem,Schools and hospitals are easily accessible.
Pune,Facilities are available in the neighborhood.
Madurai,Great place for families and children.
Chennai,Very safe area with friendly people.
Bangalore,The area has both advantages and disadvantages.
Coimbatore,The area has excellent shopping facilities.
Pune,Public transportation is sometimes unreliable.
Bangalore,The location is suitable for some families.
Trichy,The neighborhood is noisy and crowded.
Trichy,The area has excellent shopping facilities.
Trichy,The neighborhood is average.
Tirunelveli,The area is developing gradually.
Trichy,The area has both advantages and disadvantages.
Trichy,The area is developing gradually.
Coimbatore,The area needs better security.
Hyderabad,The area is developing gradually.
Hyderabad,The location is suitable for some families.
Trichy,The neighborhood is clean and peaceful.
Bangalore,The area is developing gradually.
Tirunelveli,Public transport is convenient and reliable.
Chennai,Schools and hospitals are easily accessible.
Bangalore,Very safe area with friendly people.
Chennai,Schools and hospitals are easily accessible.
Kochi,Great place for families and children.
Chennai,The area is developing gradually.
Trichy,Public transport is convenient and reliable.
Coimbatore,Facilities are available in the neighborhood.
Hyderabad,Facilities are available in the neighborhood.
Pune,Public transport is convenient and reliable.
Kochi,The neighborhood is modern and well maintained.
Chennai,The area has excellent shopping facilities.
Salem,The area has excellent shopping facilities.
Bangalore,Waste management needs improvement.
Trichy,The roads are poorly maintained.
Salem,Very safe area with friendly people.
Tirunelveli,Very safe area with friendly people.
Trichy,The neighborhood is average.
Bangalore,Very safe area with friendly people.
Tirunelveli,The neighborhood is modern and well maintained.
Chennai,The area has excellent shopping facilities.
Tirunelveli,The roads are poorly maintained.
Hyderabad,The neighborhood is average.
Tirunelveli,The roads are poorly maintained.
Salem,Great place for families and children.
Kochi,Very safe area with friendly people.
Coimbatore,Waste management needs improvement.
Bangalore,The location is suitable for some families.
Pune,The neighborhood is modern and well maintained.
Kochi,The area has both advantages and disadvantages.
Madurai,Excellent location with good transportation facilities.
Trichy,Very safe area with friendly people.
Salem,The neighborhood is noisy and crowded.
Pune,There are not enough parking facilities.
Pune,Facilities are available in the neighborhood.
Tirunelveli,The area has excellent shopping facilities.
Bangalore,Public transportation is sometimes unreliable.
Pune,Great place for families and children.
Hyderabad,Public transport is convenient and reliable.
Hyderabad,Great place for families and children.
Pune,Excellent location with good transportation facilities.
Madurai,Schools and hospitals are easily accessible.
Chennai,The neighborhood is clean and peaceful.
Hyderabad,The neighborhood is clean and peaceful.
Bangalore,The neighborhood is modern and well maintained.
Hyderabad,Public transport is convenient and reliable.
Salem,The neighborhood is clean and peaceful.
Tirunelveli,Great place for families and children.
Madurai,The area is developing gradually.
Pune,The area has both advantages and disadvantages.
Chennai,The neighborhood is average.
Bangalore,The area is developing gradually.
Tirunelveli,The area has excellent shopping facilities.
Coimbatore,Facilities are available in the neighborhood.
Salem,Waste management needs improvement.
Chennai,Public transport is convenient and reliable.
Bangalore,There are not enough parking facilities.
Hyderabad,Great place for families and children.
Hyderabad,Public transport is convenient and reliable.
Pune,The area is developing gradually.
Salem,Traffic is a major problem in this area.
Bangalore,The neighborhood is clean and peaceful.
Trichy,Facilities are available in the neighborhood.
Kochi,The location is suitable for some families.
Tirunelveli,The area has excellent shopping facilities.
Chennai,The area has both advantages and disadvantages.
Tirunelveli,There are not enough parking facilities.
Chennai,Excellent location with good transportation facilities.
Trichy,Public transport is convenient and reliable.
Madurai,The area becomes very noisy during peak hours.
Pune,The area has excellent shopping facilities.
Kochi,The neighborhood is clean and peaceful.
Pune,Very safe area with friendly people.
Bangalore,Facilities are available in the neighborhood.
Chennai,The area has excellent shopping facilities.
Tirunelveli,Great place for families and children.
Tirunelveli,Great place for families and children.
Madurai,The neighborhood is modern and well maintained.
Chennai,Schools and hospitals are easily accessible.
Bangalore,The neighborhood is modern and well maintained.
Trichy,The area has excellent shopping facilities.
Hyderabad,The area is developing gradually.
Chennai,Excellent location with good transportation facilities.
Pune,Great place for families and children.
Bangalore,Public transport is convenient and reliable.
Chennai,Public transport is convenient and reliable.
Pune,The neighborhood is clean and peaceful.
Hyderabad,There are not enough parking facilities.
Coimbatore,The neighborhood is noisy and crowded.
Trichy,Great place for families and children.
Coimbatore,Waste management needs improvement.
Trichy,Schools and hospitals are easily accessible.
Pune,The area is developing gradually.
Tirunelveli,Schools and hospitals are easily accessible.
Coimbatore,The neighborhood is average.
Coimbatore,Public transport is convenient and reliable.
Trichy,Very safe area with friendly people.
Chennai,The neighborhood is clean and peaceful.
Salem,Very safe area with friendly people.
Madurai,The neighborhood is modern and well maintained.
Pune,The area has both advantages and disadvantages.
Bangalore,Public transport is convenient and reliable.
Tirunelveli,Great place for families and children.
Madurai,Very safe area with friendly people.
Coimbatore,Public transport is convenient and reliable.
Coimbatore,The neighborhood is clean and peaceful.
Tirunelveli,Excellent location with good transportation facilities.
Bangalore,The area has both advantages and disadvantages.
Trichy,The neighborhood is modern and well maintained.
Bangalore,The roads are poorly maintained.
Tirunelveli,Traffic is a major problem in this area.
Trichy,Very safe area with friendly people.
Coimbatore,The area has both advantages and disadvantages.
Chennai,Great place for families and children.
Hyderabad,Excellent location with good transportation facilities.
Chennai,Very safe area with friendly people.
Tirunelveli,Facilities are available in the neighborhood.
Salem,The area has excellent shopping facilities.
Coimbatore,Schools and hospitals are easily accessible.
Kochi,There are not enough parking facilities.
Hyderabad,The area is developing gradually.
Tirunelveli,Public transport is convenient and reliable.
Coimbatore,The area has excellent shopping facilities.
Pune,Excellent location with good transportation facilities.
Bangalore,Great place for families and children.
Salem,The area needs better security.
Hyderabad,The area has excellent shopping facilities.
Salem,The area has both advantages and disadvantages.
Trichy,Excellent location with good transportation facilities.
Pune,The neighborhood is noisy and crowded.
Kochi,The neighborhood is modern and well maintained.
Chennai,The area is developing gradually.
Hyderabad,Great place for families and children.
Pune,Public transport is convenient and reliable.
Madurai,The area has excellent shopping facilities.
Bangalore,Very safe area with friendly people.
Madurai,Waste management needs improvement.
Chennai,The area has excellent shopping facilities.
Kochi,The area has excellent shopping facilities.
Coimbatore,Very safe area with friendly people.
Pune,The area has excellent shopping facilities.
Madurai,The area has both advantages and disadvantages.
Madurai,Facilities are available in the neighborhood.
Kochi,Great place for families and children.
Tirunelveli,The neighborhood is modern and well maintained.
Hyderabad,The neighborhood is modern and well maintained.
Kochi,The area is developing gradually.
Pune,The area has excellent shopping facilities.
Pune,There are not enough parking facilities.
Tirunelveli,The area needs better security.
Tirunelveli,The area has excellent shopping facilities.
Pune,Traffic is a major problem in this area.
Hyderabad,Traffic is a major problem in this area.
Trichy,The neighborhood is clean and peaceful.
Kochi,Public transport is convenient and reliable.
Tirunelveli,Very safe area with friendly people.
Chennai,The area becomes very noisy during peak hours.
Madurai,The area has excellent shopping facilities.
Madurai,Excellent location with good transportation facilities.
Hyderabad,Great place for families and children.
Coimbatore,Facilities are available in the neighborhood.
Pune,The neighborhood is modern and well maintained.
Pune,There are not enough parking facilities.
Salem,The location is suitable for some families.
Madurai,Excellent location with good transportation facilities.
Madurai,Great place for families and children.
Chennai,Very safe area with friendly people.
Coimbatore,The area has both advantages and disadvantages.
Madurai,The location is suitable for some families.
Trichy,The neighborhood is clean and peaceful.
Kochi,The neighborhood is modern and well maintained.
Bangalore,The area needs better security.
Hyderabad,The location is suitable for some families.
Chennai,The area is developing gradually.
Coimbatore,The neighborhood is clean and peaceful.
Hyderabad,Excellent location with good transportation facilities.
Coimbatore,The area has excellent shopping facilities.
Madurai,Schools and hospitals are easily accessible.
Salem,Waste management needs improvement.
Tirunelveli,The area becomes very noisy during peak hours.
Kochi,Excellent location with good transportation facilities.
Kochi,Traffic is a major problem in this area.
Hyderabad,Schools and hospitals are easily accessible.
Madurai,The area is developing gradually.
Hyderabad,Great place for families and children.
Pune,The neighborhood is noisy and crowded.
Madurai,The area needs better security.
Hyderabad,Schools and hospitals are easily accessible.
Salem,The area has both advantages and disadvantages.
Hyderabad,Public transportation is sometimes unreliable.
Salem,The area is developing gradually.
Coimbatore,Very safe area with friendly people.
Tirunelveli,The location is suitable for some families.
Hyderabad,Excellent location with good transportation facilities.
Chennai,The neighborhood is clean and peaceful.
Salem,Facilities are available in the neighborhood.
Pune,Public transportation is sometimes unreliable.
Salem,The roads are poorly maintained.
Kochi,Waste management needs improvement.
Bangalore,Facilities are available in the neighborhood.
Kochi,Facilities are available in the neighborhood.
Coimbatore,Very safe area with friendly people.
Kochi,The area has both advantages and disadvantages.
Kochi,Schools and hospitals are easily accessible.
Bangalore,Schools and hospitals are easily accessible.
Chennai,The neighborhood is average.
Tirunelveli,The neighborhood is clean and peaceful.
Coimbatore,The location is suitable for some families.
Bangalore,Great place for families and children.
Chennai,The neighborhood is clean and peaceful.
Trichy,Traffic is a major problem in this area.
Salem,Waste management needs improvement.
Chennai,The area is developing gradually.
Madurai,The neighborhood is average.
Kochi,Public transport is convenient and reliable.
Salem,Traffic is a major problem in this area.
Madurai,Traffic is a major problem in this area.
Trichy,The neighborhood is clean and peaceful.
Trichy,Traffic is a major problem in this area.
Kochi,Great place for families and children.
Tirunelveli,The location is suitable for some families.
Salem,Schools and hospitals are easily accessible.
Tirunelveli,Great place for families and children.
Tirunelveli,Facilities are available in the neighborhood.
Trichy,The area has both advantages and disadvantages.
Salem,The area has both advantages and disadvantages.
Kochi,Schools and hospitals are easily accessible.
Chennai,Waste management needs improvement.
Bangalore,The area has excellent shopping facilities.
Chennai,The neighborhood is average.
Hyderabad,Great place for families and children.
Madurai,The location is suitable for some families.
Tirunelveli,There are not enough parking facilities.
Chennai,The neighborhood is average.
Pune,Traffic is a major problem in this area.
Pune,The area has both advantages and disadvantages.
Bangalore,Waste management needs improvement.
Hyderabad,The area has both advantages and disadvantages.
Kochi,The neighborhood is modern and well maintained.
Hyderabad,The neighborhood is clean and peaceful.
Chennai,Waste management needs improvement.
Trichy,The neighborhood is average.
Bangalore,Great place for families and children.
Pune,Facilities are available in the neighborhood.
Tirunelveli,The roads are poorly maintained.
Hyderabad,Excellent location with good transportation facilities.
Pune,Excellent location with good transportation facilities.
Chennai,Waste management needs improvement.
Chennai,The area is developing gradually.
Kochi,The area becomes very noisy during peak hours.
Tirunelveli,The neighborhood is modern and well maintained.
Pune,Schools and hospitals are easily accessible.
Kochi,The location is suitable for some families.
Coimbatore,The area needs better security.
Tirunelveli,Traffic is a major problem in this area.
Salem,Schools and hospitals are easily accessible.
Salem,Very safe area with friendly people.
Bangalore,Facilities are available in the neighborhood.
Tirunelveli,The location is suitable for some families.
Trichy,The neighborhood is modern and well maintained.
Chennai,Great place for families and children.
Madurai,Excellent location with good transportation facilities.
Coimbatore,Schools and hospitals are easily accessible.
Chennai,The neighborhood is modern and well maintained.
Coimbatore,The area has excellent shopping facilities.
Bangalore,The neighborhood is clean and peaceful.
Salem,The roads are poorly maintained.
Coimbatore,The neighborhood is average.
Trichy,The neighborhood is average.
Pune,The neighborhood is modern and well maintained.
Pune,Public transport is convenient and reliable.
Salem,Public transportation is sometimes unreliable.
Chennai,Great place for families and children.
Kochi,The area is developing gradually.
Kochi,Great place for families and children.
Bangalore,Excellent location with good transportation facilities.
Coimbatore,The neighborhood is modern and well maintained.
Tirunelveli,Traffic is a major problem in this area.
Trichy,The location is suitable for some families.
Tirunelveli,Public transportation is sometimes unreliable.
Bangalore,Facilities are available in the neighborhood.
Coimbatore,Waste management needs improvement.
Tirunelveli,Waste management needs improvement.
Bangalore,Public transportation is sometimes unreliable.
Coimbatore,The area becomes very noisy during peak hours.
Coimbatore,Very safe area with friendly people.
Coimbatore,The neighborhood is average.
Bangalore,The area has both advantages and disadvantages.
Madurai,Public transport is convenient and reliable.
Pune,Great place for families and children.
Trichy,Waste management needs improvement.
Pune,Facilities are available in the neighborhood.
Pune,Public transport is convenient and reliable.
Chennai,The area has excellent shopping facilities.
Hyderabad,The neighborhood is clean and peaceful.
Kochi,The neighborhood is noisy and crowded.
Bangalore,The neighborhood is modern and well maintained.
Pune,Traffic is a major problem in this area.
Bangalore,Facilities are available in the neighborhood.
Madurai,The neighborhood is average.
Hyderabad,There are not enough parking facilities.
Trichy,Facilities are available in the neighborhood.
Hyderabad,The area needs better security.
Coimbatore,The roads are poorly maintained.
Kochi,Public transport is convenient and reliable.
Bangalore,Public transport is convenient and reliable.
Tirunelveli,Great place for families and children.
Pune,The area has both advantages and disadvantages.
Salem,Schools and hospitals are easily accessible.
Hyderabad,The area has excellent shopping facilities.
Chennai,The area has both advantages and disadvantages.
Chennai,Facilities are available in the neighborhood.
Bangalore,Public transport is convenient and reliable.
Kochi,The neighborhood is noisy and crowded.
Chennai,Excellent location with good transportation facilities.
Kochi,Public transport is convenient and reliable.
Kochi,The neighborhood is modern and well maintained.
Madurai,The area is developing gradually.
Trichy,Public transportation is sometimes unreliable.
Bangalore,There are not enough parking facilities.
Coimbatore,Public transport is convenient and reliable.
Hyderabad,The neighborhood is noisy and crowded.
Bangalore,Schools and hospitals are easily accessible.
Pune,The area needs better security.
Hyderabad,The location is suitable for some families.
Coimbatore,Facilities are available in the neighborhood.
Bangalore,Public transport is convenient and reliable.
Trichy,The location is suitable for some families.
Coimbatore,Very safe area with friendly people.
Chennai,The neighborhood is average.
Kochi,Public transport is convenient and reliable.
Hyderabad,Waste management needs improvement.
Chennai,Very safe area with friendly people.
Chennai,Public transportation is sometimes unreliable.
Trichy,Schools and hospitals are easily accessible.
Salem,The location is suitable for some families.
Chennai,The neighborhood is modern and well maintained.
Chennai,Schools and hospitals are easily accessible.
Chennai,Public transportation is sometimes unreliable.
Coimbatore,The neighborhood is modern and well maintained.
Salem,Schools and hospitals are easily accessible.
Hyderabad,The neighborhood is modern and well maintained.
Salem,Traffic is a major problem in this area.
Chennai,The area has excellent shopping facilities.
Madurai,The neighborhood is modern and well maintained.
Salem,The neighborhood is modern and well maintained.
Chennai,Public transport is convenient and reliable.
Bangalore,Facilities are available in the neighborhood.
Coimbatore,The neighborhood is modern and well maintained.
Hyderabad,Public transportation is sometimes unreliable.
Kochi,The neighborhood is average.
Pune,Great place for families and children.
Salem,The neighborhood is clean and peaceful.
Trichy,The neighborhood is clean and peaceful.
Kochi,The area needs better security.
Kochi,The area has excellent shopping facilities.
Hyderabad,The area is developing gradually.
Trichy,The location is suitable for some families.
Coimbatore,The neighborhood is noisy and crowded.
Trichy,Excellent location with good transportation facilities.
Pune,Public transport is convenient and reliable.
Trichy,Schools and hospitals are easily accessible.
Bangalore,Public transport is convenient and reliable.
Madurai,The neighborhood is average.
Madurai,Public transportation is sometimes unreliable.
Coimbatore,Great place for families and children.
Hyderabad,The neighborhood is average.
Trichy,Excellent location with good transportation facilities.
Kochi,Excellent location with good transportation facilities.
Madurai,The area has excellent shopping facilities.
Hyderabad,Very safe area with friendly people.
Bangalore,Public transportation is sometimes unreliable.
Tirunelveli,Public transport is convenient and reliable.
Kochi,Great place for families and children.
Pune,The neighborhood is noisy and crowded.
Pune,The location is suitable for some families.
Madurai,The location is suitable for some families.
Salem,Excellent location with good transportation facilities.
Bangalore,Schools and hospitals are easily accessible.
Coimbatore,The area is developing gradually.
Trichy,The area becomes very noisy during peak hours.
Madurai,Excellent location with good transportation facilities.
Madurai,The area needs better security.
Trichy,The area is developing gradually.
Trichy,Very safe area with friendly people.
Pune,The area becomes very noisy during peak hours.
Bangalore,The neighborhood is noisy and crowded.
Hyderabad,Public transportation is sometimes unreliable.
Coimbatore,The area is developing gradually.
Hyderabad,There are not enough parking facilities.
Chennai,Public transportation is sometimes unreliable.
Pune,The area has excellent shopping facilities.
Kochi,The area is developing gradually.
Coimbatore,The roads are poorly maintained.
Coimbatore,Schools and hospitals are easily accessible.
Trichy,The area becomes very noisy during peak hours.
Kochi,Facilities are available in the neighborhood.
Madurai,The area is developing gradually.
Madurai,Great place for families and children.
Chennai,The neighborhood is modern and well maintained.
Tirunelveli,Schools and hospitals are easily accessible.
Trichy,The neighborhood is noisy and crowded.
Salem,The area has excellent shopping facilities.
Salem,Excellent location with good transportation facilities.
Bangalore,The area has excellent shopping facilities.
Tirunelveli,The neighborhood is average.
Coimbatore,Public transport is convenient and reliable.
Hyderabad,The neighborhood is modern and well maintained.
Chennai,Public transportation is sometimes unreliable.
Chennai,The roads are poorly maintained.
Hyderabad,Schools and hospitals are easily accessible.
Bangalore,Excellent location with good transportation facilities.
Tirunelveli,The area has both advantages and disadvantages.
Bangalore,Schools and hospitals are easily accessible.
Tirunelveli,The neighborhood is noisy and crowded.
Tirunelveli,Waste management needs improvement.
Tirunelveli,The neighborhood is average.
Tirunelveli,The area is developing gradually.
Chennai,The area has excellent shopping facilities.
Hyderabad,Public transport is convenient and reliable.
Hyderabad,The neighborhood is modern and well maintained.
Hyderabad,The location is suitable for some families.
Hyderabad,Very safe area with friendly people.
Pune,The location is suitable for some families.
Hyderabad,The neighborhood is modern and well maintained.
Kochi,Public transport is convenient and reliable.
Hyderabad,The area has excellent shopping facilities.
Salem,The location is suitable for some families.
Tirunelveli,Excellent location with good transportation facilities.
Salem,The neighborhood is average.
Bangalore,The roads are poorly maintained.
Kochi,Schools and hospitals are easily accessible.
Bangalore,Public transportation is sometimes unreliable.
Hyderabad,The neighborhood is average.
Hyderabad,The neighborhood is modern and well maintained.
Tirunelveli,Great place for families and children.
Salem,The area has excellent shopping facilities.
Coimbatore,Traffic is a major problem in this area.
Kochi,Very safe area with friendly people.
Salem,Public transport is convenient and reliable.
Trichy,Public transport is convenient and reliable.
Hyderabad,The neighborhood is noisy and crowded.
Salem,The area needs better security.
Chennai,Great place for families and children.
Tirunelveli,The neighborhood is modern and well maintained.
Coimbatore,The neighborhood is noisy and crowded.
Pune,Public transport is convenient and reliable.
Kochi,The neighborhood is clean and peaceful.
Madurai,Waste management needs improvement.
Tirunelveli,The location is suitable for some families.
Pune,Facilities are available in the neighborhood.
Pune,The neighborhood is average.
Chennai,Excellent location with good transportation facilities.
Salem,Schools and hospitals are easily accessible.
Hyderabad,The area is developing gradually.
Chennai,Public transportation is sometimes unreliable.
Madurai,The roads are poorly maintained.
Coimbatore,Traffic is a major problem in this area.
Madurai,The neighborhood is average.
Madurai,The area needs better security.
Hyderabad,The area is developing gradually.
Madurai,The area is developing gradually.
Bangalore,Schools and hospitals are easily accessible.
Pune,The neighborhood is average.
Bangalore,The area needs better security.
Trichy,Facilities are available in the neighborhood.
Salem,Great place for families and children.
Kochi,The area needs better security.
Chennai,The neighborhood is average.
Kochi,The neighborhood is clean and peaceful.
Coimbatore,Excellent location with good transportation facilities.
Pune,The roads are poorly maintained.
Coimbatore,The neighborhood is clean and peaceful.
Pune,The area is developing gradually.
Chennai,Great place for families and children.
Trichy,The area has both advantages and disadvantages.
Tirunelveli,Schools and hospitals are easily accessible.
Hyderabad,Public transport is convenient and reliable.
Madurai,Waste management needs improvement.
Bangalore,The area is developing gradually.
Trichy,Public transportation is sometimes unreliable.
Coimbatore,Schools and hospitals are easily accessible.
Trichy,The neighborhood is average.
Coimbatore,The area needs better security.
Kochi,Excellent location with good transportation facilities.
Trichy,Great place for families and children.
Tirunelveli,The area has both advantages and disadvantages.
Kochi,Very safe area with friendly people.
Pune,Great place for families and children.
Salem,Public transport is convenient and reliable.
Coimbatore,The roads are poorly maintained.
Pune,The area has both advantages and disadvantages.
Coimbatore,Public transport is convenient and reliable.
Hyderabad,The neighborhood is clean and peaceful.
Bangalore,The neighborhood is noisy and crowded.
Kochi,Facilities are available in the neighborhood.
Pune,The neighborhood is average.
Pune,Public transport is convenient and reliable.
Coimbatore,Waste management needs improvement.
Kochi,Waste management needs improvement.
Madurai,Excellent location with good transportation facilities.
Chennai,Very safe area with friendly people.
Trichy,The neighborhood is noisy and crowded.
Madurai,The neighborhood is modern and well maintained.
Bangalore,Very safe area with friendly people.
Kochi,Excellent location with good transportation facilities.
Tirunelveli,Traffic is a major problem in this area.
Tirunelveli,The neighborhood is clean and peaceful.
Trichy,The roads are poorly maintained.
Tirunelveli,The area becomes very noisy during peak hours.
Hyderabad,Very safe area with friendly people.
Chennai,Public transport is convenient and reliable.
Salem,Public transportation is sometimes unreliable.
Salem,The neighborhood is clean and peaceful.
Pune,Public transportation is sometimes unreliable.
Kochi,The neighborhood is clean and peaceful.
Tirunelveli,The area has excellent shopping facilities.
Salem,The neighborhood is average.
Chennai,The neighborhood is clean and peaceful.
Hyderabad,Traffic is a major problem in this area.
Kochi,The roads are poorly maintained.
Hyderabad,The area has excellent shopping facilities.
Coimbatore,The location is suitable for some families.
Bangalore,The area is developing gradually.
Hyderabad,The area has both advantages and disadvantages.
Trichy,Public transport is convenient and reliable.
Bangalore,Very safe area with friendly people.
Coimbatore,The area becomes very noisy during peak hours.
Hyderabad,The location is suitable for some families.
Chennai,The neighborhood is average.
Tirunelveli,The neighborhood is modern and well maintained.
Bangalore,Facilities are available in the neighborhood.
Pune,Schools and hospitals are easily accessible.
Madurai,The roads are poorly maintained.
Pune,The neighborhood is modern and well maintained.
Coimbatore,The neighborhood is modern and well maintained.
Coimbatore,Very safe area with friendly people.
Tirunelveli,The area is developing gradually.
Salem,The neighborhood is noisy and crowded.
Hyderabad,Traffic is a major problem in this area.
Tirunelveli,The area has both advantages and disadvantages.
Kochi,Great place for families and children.
Kochi,There are not enough parking facilities.
Hyderabad,The neighborhood is average.
Pune,The area has both advantages and disadvantages.
Chennai,The area becomes very noisy during peak hours.
Tirunelveli,The area has excellent shopping facilities.
Hyderabad,The neighborhood is modern and well maintained.
Pune,Schools and hospitals are easily accessible.
Madurai,Traffic is a major problem in this area.
Salem,The area has excellent shopping facilities.
Hyderabad,There are not enough parking facilities.
Trichy,Schools and hospitals are easily accessible.
Kochi,Excellent location with good transportation facilities.
Salem,The area becomes very noisy during peak hours.
Coimbatore,Excellent location with good transportation facilities.
Hyderabad,The area needs better security.
Pune,Public transportation is sometimes unreliable.
Madurai,The area has excellent shopping facilities.
Bangalore,Schools and hospitals are easily accessible.
Salem,The location is suitable for some families.
Trichy,The neighborhood is clean and peaceful.
Madurai,The neighborhood is modern and well maintained.
Tirunelveli,The area needs better security.
Trichy,The area has both advantages and disadvantages.
Chennai,The location is suitable for some families.
Coimbatore,Public transportation is sometimes unreliable.
Bangalore,Excellent location with good transportation facilities.
Trichy,The neighborhood is average.
Hyderabad,The neighborhood is average.
Trichy,The neighborhood is clean and peaceful.
Coimbatore,The neighborhood is average.
Tirunelveli,Excellent location with good transportation facilities.
Hyderabad,Facilities are available in the neighborhood.
Salem,The area is developing gradually.
Coimbatore,Excellent location with good transportation facilities.
Salem,The area becomes very noisy during peak hours.
Trichy,The neighborhood is modern and well maintained.
Tirunelveli,The area has excellent shopping facilities.
Tirunelveli,The area has both advantages and disadvantages.
Tirunelveli,Waste management needs improvement.
Coimbatore,The roads are poorly maintained.
Salem,Traffic is a major problem in this area.
Kochi,Public transport is convenient and reliable.
Pune,The neighborhood is clean and peaceful.
Kochi,Schools and hospitals are easily accessible.
Pune,The neighborhood is modern and well maintained.
Madurai,There are not enough parking facilities.
Pune,The neighborhood is average.
Salem,The neighborhood is average.
Chennai,Excellent location with good transportation facilities.
Kochi,Excellent location with good transportation facilities.
Kochi,Public transport is convenient and reliable.
Tirunelveli,Very safe area with friendly people.
Pune,The location is suitable for some families.
Pune,The neighborhood is noisy and crowded.
Trichy,Excellent location with good transportation facilities.
Madurai,The neighborhood is modern and well maintained.
Bangalore,The area has both advantages and disadvantages.
Madurai,The area needs better security.
Coimbatore,The roads are poorly maintained.
Salem,The area has both advantages and disadvantages.
Salem,The neighborhood is average.
Trichy,Public transportation is sometimes unreliable.
Coimbatore,The neighborhood is noisy and crowded.
Tirunelveli,Traffic is a major problem in this area.
Tirunelveli,Traffic is a major problem in this area.
Kochi,The neighborhood is noisy and crowded.
Trichy,The area needs better security.
Bangalore,Public transportation is sometimes unreliable.
Coimbatore,Very safe area with friendly people.
Kochi,Very safe area with friendly people.
Chennai,Public transport is convenient and reliable.
Trichy,Great place for families and children.
Kochi,Great place for families and children.
Madurai,Schools and hospitals are easily accessible.
Pune,The area has excellent shopping facilities.
Salem,Excellent location with good transportation facilities.
Tirunelveli,The area becomes very noisy during peak hours.
Chennai,The area has both advantages and disadvantages.
Bangalore,Very safe area with friendly people.
Bangalore,Public transport is convenient and reliable.
Kochi,The neighborhood is average.
Kochi,The neighborhood is noisy and crowded.
Madurai,The neighborhood is clean and peaceful.
Chennai,Public transport is convenient and reliable.
Tirunelveli,Great place for families and children.
Salem,The area has excellent shopping facilities.
Bangalore,Very safe area with friendly people.
Hyderabad,The area becomes very noisy during peak hours.
Trichy,The area has both advantages and disadvantages.
Coimbatore,The roads are poorly maintained.
Salem,The neighborhood is noisy and crowded.
Hyderabad,Public transport is convenient and reliable.
Salem,The area has excellent shopping facilities.
Tirunelveli,The neighborhood is modern and well maintained.
Salem,The area has excellent shopping facilities.
Kochi,The area has excellent shopping facilities.
Tirunelveli,Public transport is convenient and reliable.
Hyderabad,Public transport is convenient and reliable.
Bangalore,Excellent location with good transportation facilities.
Bangalore,Facilities are available in the neighborhood.
Tirunelveli,Public transportation is sometimes unreliable.
Coimbatore,Very safe area with friendly people.
Hyderabad,There are not enough parking facilities.
Bangalore,The neighborhood is clean and peaceful.
Madurai,The area has excellent shopping facilities.
Hyderabad,Facilities are available in the neighborhood.
Bangalore,Schools and hospitals are easily accessible.
Tirunelveli,Excellent location with good transportation facilities.
Madurai,The area has both advantages and disadvantages.
Salem,Waste management needs improvement.
Salem,Very safe area with friendly people.
Salem,Very safe area with friendly people.
Bangalore,The area has excellent shopping facilities.
Bangalore,The area needs better security.
Salem,Waste management needs improvement.
Hyderabad,There are not enough parking facilities.
Kochi,The neighborhood is average.
Tirunelveli,The area becomes very noisy during peak hours.
Hyderabad,The area has both advantages and disadvantages.
Coimbatore,The area has both advantages and disadvantages.
Salem,Facilities are available in the neighborhood.
Kochi,The area has excellent shopping facilities.
Bangalore,The area needs better security.
Trichy,The area has both advantages and disadvantages.
Kochi,The neighborhood is clean and peaceful.
Kochi,There are not enough parking facilities.
Salem,Excellent location with good transportation facilities.
Kochi,Excellent location with good transportation facilities.
Coimbatore,The neighborhood is noisy and crowded.
Pune,Excellent location with good transportation facilities.
Bangalore,Very safe area with friendly people.
Madurai,Schools and hospitals are easily accessible.
Madurai,Very safe area with friendly people.
Trichy,Schools and hospitals are easily accessible.
Kochi,The roads are poorly maintained.
Madurai,The neighborhood is noisy and crowded.
Coimbatore,Traffic is a major problem in this area.
Coimbatore,The location is suitable for some families.
Chennai,Excellent location with good transportation facilities.
Coimbatore,The neighborhood is clean and peaceful.
Madurai,The neighborhood is noisy and crowded.
Tirunelveli,The location is suitable for some families.
Trichy,The area becomes very noisy during peak hours.
Salem,Great place for families and children.
Bangalore,Facilities are available in the neighborhood.
Pune,Public transport is convenient and reliable.
Kochi,Public transport is convenient and reliable.
Coimbatore,There are not enough parking facilities.
Coimbatore,Schools and hospitals are easily accessible.
Coimbatore,Public transportation is sometimes unreliable.
Coimbatore,Traffic is a major problem in this area.
Trichy,Very safe area with friendly people.
Pune,Public transport is convenient and reliable.
Madurai,The area is developing gradually.
Trichy,Great place for families and children.
Kochi,The area is developing gradually.
Pune,Public transport is convenient and reliable.
Tirunelveli,The area has excellent shopping facilities.
Tirunelveli,The neighborhood is clean and peaceful.
Pune,The neighborhood is clean and peaceful.
Coimbatore,Traffic is a major problem in this area.
Madurai,Facilities are available in the neighborhood.
Salem,The neighborhood is clean and peaceful.
Madurai,Facilities are available in the neighborhood.
Bangalore,Waste management needs improvement.
Coimbatore,The area has both advantages and disadvantages.
Madurai,Traffic is a major problem in this area.
Tirunelveli,The location is suitable for some families.
Tirunelveli,The neighborhood is clean and peaceful.
Hyderabad,The neighborhood is clean and peaceful.
Kochi,The area has both advantages and disadvantages.
Kochi,Facilities are available in the neighborhood.
Trichy,Public transport is convenient and reliable.
Tirunelveli,Public transport is convenient and reliable.
Salem,There are not enough parking facilities.
Tirunelveli,Great place for families and children.
Kochi,Very safe area with friendly people.
Tirunelveli,The area is developing gradually.
Hyderabad,The roads are poorly maintained.
Kochi,The location is suitable for some families.
Salem,Facilities are available in the neighborhood.
Bangalore,Public transport is convenient and reliable.
Madurai,The neighborhood is average.
Tirunelveli,Public transportation is sometimes unreliable.
Tirunelveli,The roads are poorly maintained.
Madurai,Facilities are available in the neighborhood.
Trichy,Public transport is convenient and reliable.
Coimbatore,The neighborhood is modern and well maintained.
Tirunelveli,The location is suitable for some families.
Tirunelveli,The neighborhood is modern and well maintained.
Coimbatore,Schools and hospitals are easily accessible.
Trichy,Very safe area with friendly people.
Bangalore,Schools and hospitals are easily accessible.
Chennai,The neighborhood is clean and peaceful.
Hyderabad,There are not enough parking facilities.
Chennai,The area has excellent shopping facilities.
Tirunelveli,Waste management needs improvement.
Hyderabad,There are not enough parking facilities.
Trichy,Public transport is convenient and reliable.
Tirunelveli,Public transportation is sometimes unreliable.
